epoch,accuracy,loss,lr,top3 accuracy,val_accuracy,val_loss,val_top3 accuracy
0,0.011408730410039425,5.972957134246826,1e-04,0.027199074625968933,0.033088237047195435,5.8370842933654785,0.07169117778539658
1,0.0302579365670681,5.7164177894592285,1e-04,0.0664682537317276,0.04779411852359772,5.499988555908203,0.11029411852359772
2,0.0332341268658638,5.56861686706543,1e-04,0.08217592537403107,0.04779411852359772,5.457277774810791,0.10477941483259201
3,0.0314980149269104,5.550076007843018,9.5999996e-05,0.07597552984952927,0.016544118523597717,5.608663558959961,0.04227941110730171
4,0.024388227611780167,5.610815525054932,9.5999996e-05,0.06266534328460693,0.012867647223174572,5.6624956130981445,0.03860294073820114
5,0.018187830224633217,5.713049411773682,9.5999996e-05,0.046709656715393066,0.012867647223174572,6.06255578994751,0.03125
6,0.012070105411112309,5.796868324279785,9.215999e-05,0.036375660449266434,0.011029412038624287,9.245318412780762,0.029411764815449715
